standard_strat,haz_3_r,haz_3_se,haz_3_t,haz_3_pvalue,haz_3_ll,haz_3_ul,haz_3_df,haz_3_crit,haz_3_weighted_N,haz_3_unweighted_N,haz_3_weighted_Num,haz_3_unweighted_Num,haz_2_r,haz_2_se,haz_2_t,haz_2_pvalue,haz_2_ll,haz_2_ul,haz_2_df,haz_2_crit,haz_2_weighted_N,haz_2_unweighted_N,haz_2_weighted_Num,haz_2_unweighted_Num,haz_1_r,haz_1_se,haz_1_t,haz_1_pvalue,haz_1_ll,haz_1_ul,haz_1_df,haz_1_crit,haz_1_weighted_N,haz_1_unweighted_N,haz_1_weighted_Num,haz_1_unweighted_Num,haz1_r,haz1_se,haz1_t,haz1_pvalue,haz1_ll,haz1_ul,haz1_df,haz1_crit,haz1_weighted_N,haz1_unweighted_N,haz1_weighted_Num,haz1_unweighted_Num,haz2_r,haz2_se,haz2_t,haz2_pvalue,haz2_ll,haz2_ul,haz2_df,haz2_crit,haz2_weighted_N,haz2_unweighted_N,haz2_weighted_Num,haz2_unweighted_Num,haz3_r,haz3_se,haz3_t,haz3_pvalue,haz3_ll,haz3_ul,haz3_df,haz3_crit,haz3_weighted_N,haz3_unweighted_N,haz3_weighted_Num,haz3_unweighted_Num,waz_3_r,waz_3_se,waz_3_t,waz_3_pvalue,waz_3_ll,waz_3_ul,waz_3_df,waz_3_crit,waz_3_weighted_N,waz_3_unweighted_N,waz_3_weighted_Num,waz_3_unweighted_Num,waz_2_r,waz_2_se,waz_2_t,waz_2_pvalue,waz_2_ll,waz_2_ul,waz_2_df,waz_2_crit,waz_2_weighted_N,waz_2_unweighted_N,waz_2_weighted_Num,waz_2_unweighted_Num,waz_1_r,waz_1_se,waz_1_t,waz_1_pvalue,waz_1_ll,waz_1_ul,waz_1_df,waz_1_crit,waz_1_weighted_N,waz_1_unweighted_N,waz_1_weighted_Num,waz_1_unweighted_Num,waz1_r,waz1_se,waz1_t,waz1_pvalue,waz1_ll,waz1_ul,waz1_df,waz1_crit,waz1_weighted_N,waz1_unweighted_N,waz1_weighted_Num,waz1_unweighted_Num,waz2_r,waz2_se,waz2_t,waz2_pvalue,waz2_ll,waz2_ul,waz2_df,waz2_crit,waz2_weighted_N,waz2_unweighted_N,waz2_weighted_Num,waz2_unweighted_Num,waz3_r,waz3_se,waz3_t,waz3_pvalue,waz3_ll,waz3_ul,waz3_df,waz3_crit,waz3_weighted_N,waz3_unweighted_N,waz3_weighted_Num,waz3_unweighted_Num,whz_3_r,whz_3_se,whz_3_t,whz_3_pvalue,whz_3_ll,whz_3_ul,whz_3_df,whz_3_crit,whz_3_weighted_N,whz_3_unweighted_N,whz_3_weighted_Num,whz_3_unweighted_Num,whz_2_r,whz_2_se,whz_2_t,whz_2_pvalue,whz_2_ll,whz_2_ul,whz_2_df,whz_2_crit,whz_2_weighted_N,whz_2_unweighted_N,whz_2_weighted_Num,whz_2_unweighted_Num,whz_1_r,whz_1_se,whz_1_t,whz_1_pvalue,whz_1_ll,whz_1_ul,whz_1_df,whz_1_crit,whz_1_weighted_N,whz_1_unweighted_N,whz_1_weighted_Num,whz_1_unweighted_Num,whz1_r,whz1_se,whz1_t,whz1_pvalue,whz1_ll,whz1_ul,whz1_df,whz1_crit,whz1_weighted_N,whz1_unweighted_N,whz1_weighted_Num,whz1_unweighted_Num,whz2_r,whz2_se,whz2_t,whz2_pvalue,whz2_ll,whz2_ul,whz2_df,whz2_crit,whz2_weighted_N,whz2_unweighted_N,whz2_weighted_Num,whz2_unweighted_Num,whz3_r,whz3_se,whz3_t,whz3_pvalue,whz3_ll,whz3_ul,whz3_df,whz3_crit,whz3_weighted_N,whz3_unweighted_N,whz3_weighted_Num,whz3_unweighted_Num,baz_3_r,baz_3_se,baz_3_t,baz_3_pvalue,baz_3_ll,baz_3_ul,baz_3_df,baz_3_crit,baz_3_weighted_N,baz_3_unweighted_N,baz_3_weighted_Num,baz_3_unweighted_Num,baz_2_r,baz_2_se,baz_2_t,baz_2_pvalue,baz_2_ll,baz_2_ul,baz_2_df,baz_2_crit,baz_2_weighted_N,baz_2_unweighted_N,baz_2_weighted_Num,baz_2_unweighted_Num,baz_1_r,baz_1_se,baz_1_t,baz_1_pvalue,baz_1_ll,baz_1_ul,baz_1_df,baz_1_crit,baz_1_weighted_N,baz_1_unweighted_N,baz_1_weighted_Num,baz_1_unweighted_Num,baz1_r,baz1_se,baz1_t,baz1_pvalue,baz1_ll,baz1_ul,baz1_df,baz1_crit,baz1_weighted_N,baz1_unweighted_N,baz1_weighted_Num,baz1_unweighted_Num,baz2_r,baz2_se,baz2_t,baz2_pvalue,baz2_ll,baz2_ul,baz2_df,baz2_crit,baz2_weighted_N,baz2_unweighted_N,baz2_weighted_Num,baz2_unweighted_Num,baz3_r,baz3_se,baz3_t,baz3_pvalue,baz3_ll,baz3_ul,baz3_df,baz3_crit,baz3_weighted_N,baz3_unweighted_N,baz3_weighted_Num,baz3_unweighted_Num,haz_r,haz_se,haz_t,haz_pvalue,haz_ll,haz_ul,haz_df,haz_crit,haz_weighted_N,haz_unweighted_N,haz_weighted_Num,haz_unweighted_Num,waz_r,waz_se,waz_t,waz_pvalue,waz_ll,waz_ul,waz_df,waz_crit,waz_weighted_N,waz_unweighted_N,waz_weighted_Num,waz_unweighted_Num,whz_r,whz_se,whz_t,whz_pvalue,whz_ll,whz_ul,whz_df,whz_crit,whz_weighted_N,whz_unweighted_N,whz_weighted_Num,whz_unweighted_Num,baz_r,baz_se,baz_t,baz_pvalue,baz_ll,baz_ul,baz_df,baz_crit,baz_weighted_N,baz_unweighted_N,baz_weighted_Num,baz_unweighted_Num,haz_sd,waz_sd,whz_sd,baz_sd
Total,.0045504738,.0028540117,1.5944132,.11151572,.0013236464,.015521503,470,1.9650241,6476035.5,471,29469.029,3,.06592454,.017864047,3.6903477,.00025017315,.038379222,.11095838,470,1.9650241,6476035.5,471,426929.69,25,.21888793,.026260734,8.3351793,8.5982500e-16,.17165075,.2748118,470,1.9650241,6476035.5,471,1417525.9,109,.14398766,.024533799,5.8689508,8.2904830e-09,.10213788,.19918092,470,1.9650241,6476035.5,471,932469.19,64,.035464887,.014260403,2.4869485,.01323035,.015948866,.076993443,470,1.9650241,6476035.5,471,229671.86,14,.0080459714,.0046606278,1.7263707,.084937871,.0025682019,.024915531,470,1.9650241,6476035.5,471,52105.996,5,.012680111,.0048148646,2.6335342,.0087172277,.0059961863,.026615085,490,1.9648172,6706610.5,491,85040.563,9,.027459182,.0074946298,3.6638477,.000275545,.016006503,.046717227,490,1.9648172,6706610.5,491,184158.05,18,.12349162,.020377092,6.0603161,2.7122637e-09,.088696025,.16940014,490,1.9648172,6706610.5,491,828210.19,66,.26333511,.028115889,9.3660603,2.7405117e-19,.21190572,.32214427,490,1.9648172,6706610.5,491,1766086.1,126,.058724515,.015893647,3.6948419,.00024481842,.034246378,.098906934,490,1.9648172,6706610.5,491,393842.44,28,.006253859,.0039369077,1.5885205,.11281369,.0018093945,.021381535,490,1.9648172,6706610.5,491,41942.195,4,.0094207814,.0041939332,2.2462878,.025151173,.0039170627,.022483023,468,1.9650458,6443428,469,60702.125,7,.014578799,.0057743583,2.5247478,.01190758,.0066707539,.031563781,468,1.9650458,6443428,469,93937.438,9,.060716864,.013186092,4.6046138,5.3320341e-06,.039421,.092410348,468,1.9650458,6443428,469,391224.75,34,.31582752,.02926073,10.793563,2.1035722e-24,.26132134,.37591693,468,1.9650458,6443428,469,2035011.9,156,.076720595,.016414577,4.6739306,3.8695898e-06,.050062489,.11584296,468,1.9650458,6443428,469,494343.66,35,.0051388997,.0025040763,2.0522137,.040704619,.001969046,.013343493,468,1.9650458,6443428,469,33112.129,5,.0094086342,.0041884738,2.2463157,.025148375,.003912088,.02245383,469,1.965035,6451746.5,470,60702.125,7,.016076472,.0059644561,2.695379,.0072834515,.0077280416,.033142295,469,1.965035,6451746.5,470,103721.31,10,.061528873,.013342671,4.6114359,5.1646098e-06,.039971143,.093580037,469,1.965035,6451746.5,470,396968.69,33,.32213819,.029625826,10.87356,1.0335370e-24,.26687005,.38287464,469,1.965035,6451746.5,470,2078353.9,157,.08365918,.016817762,4.9744534,9.1989182e-07,.056002501,.12319163,469,1.965035,6451746.5,470,539747.81,40,.0048083519,.002478074,1.9403584,.052935127,.001743368,.013190627,469,1.965035,6451746.5,470,31022.268,4,-.12424499,.074915975,-1.6584579,.097892262,-.27145669,.022966716,470,1.9650241,6476035.5,471,21503.539,1,.32930526,.066127904,4.9798231,8.8683583e-07,.19937205,.4592385,484,1.9648775,6650440,485,18740.006,3,.5782873,.056034736,10.320157,1.3111656e-22,.46817276,.68840182,462,1.965112,6387257.5,463,10973.717,2,.6061883,.056726497,10.686158,5.6630605e-24,.49471501,.71766156,463,1.9651009,6395576.5,464,29662.781,3,1.1297462,1.0781062,.96413904,.98566163
Male,.0065253153,.0050228783,1.2991188,.19452426,.0014310157,.029224159,482,1.9648979,3350083,244,21860.348,2,.072677046,.025956715,2.7999325,.0053165229,.03546698,.14313273,482,1.9648979,3350083,244,243474.14,17,.27127546,.039541479,6.8605285,2.1141356e-11,.20081875,.35545701,482,1.9648979,3350083,244,908795.25,67,.16555598,.03772046,4.3890233,.000014000773,.10396152,.2533263,482,1.9648979,3350083,244,554626.31,35,.063178502,.026812805,2.3562808,.018858295,.026944442,.1410746,482,1.9648979,3350083,244,211653.22,11,.013817609,.0088191992,1.5667646,.11782599,.0039128023,.0475972,482,1.9648979,3350083,244,46290.137,4,.015297108,.0070314808,2.1755173,.03006668,.006170128,.037416618,492,1.9647974,3485175.5,254,53313.109,6,.034685344,.011620876,2.9847441,.0029793892,.017844224,.066347152,492,1.9647974,3485175.5,254,120884.5,12,.14700653,.030877456,4.7609663,2.5377135e-06,.096034192,.2184943,492,1.9647974,3485175.5,254,512343.56,40,.25894031,.040036771,6.4675627,2.4061259e-10,.18824916,.34489846,492,1.9647974,3485175.5,254,902452.44,60,.059112951,.023946224,2.4685707,.013904201,.026254728,.12770079,492,1.9647974,3485175.5,254,206019,12,.012034457,.0075648674,1.5908352,.11228897,.0034773853,.040786736,492,1.9647974,3485175.5,254,41942.195,4,.0091107367,.0052086348,1.7491603,.080901124,.0029505126,.027774299,481,1.9649081,3341764.3,243,30445.934,4,.019056177,.0092517044,2.0597477,.039960191,.007292341,.048863064,481,1.9649081,3341764.3,243,63681.25,6,.081042305,.022459731,3.6083384,.00034043472,.046493288,.13756076,481,1.9649081,3341764.3,243,270824.28,21,.29653999,.038769949,7.6487079,1.1152350e-13,.22635379,.37785977,481,1.9649081,3341764.3,243,990966.75,80,.059962571,.018226216,3.2899079,.0010757566,.032686844,.10746998,481,1.9649081,3341764.3,243,200380.78,16,.0060422234,.0039332416,1.5361942,.12514825,.0016758235,.021539923,481,1.9649081,3341764.3,243,20191.686,3,.0090881139,.0051955511,1.7492107,.080891073,.00294333,.027704889,482,1.9648979,3350083,244,30445.934,4,.021929344,.0096828574,2.2647595,.023970686,.0091500357,.051626801,482,1.9648979,3350083,244,73465.125,7,.081774369,.022749282,3.5945909,.00035835075,.04680692,.13905367,482,1.9648979,3350083,244,273950.91,19,.30614644,.039816212,7.6889892,8.4025621e-14,.23388578,.3893854,482,1.9648979,3350083,244,1025615.9,78,.072613753,.019696251,3.6866786,.00025301884,.042212095,.12211932,482,1.9648979,3350083,244,243262.08,20,.0054033957,.0038692805,1.3964859,.16321093,.0013184438,.021867676,482,1.9648979,3350083,244,18101.824,2,-.14202093,.1193482,-1.1899712,.23464349,-.37652797,.092486098,482,1.9648979,3350083,244,21503.539,1,.26323432,.097766623,2.6924763,.00733621,.071138829,.45532981,488,1.9648371,3454729.5,250,6082.8374,1,.52047807,.075947784,6.8531046,2.2412051e-11,.37124452,.66971165,477,1.9649497,3311318.3,239,6068.583,1,.55846244,.078947134,7.0738788,5.3872514e-12,.40333614,.71358877,478,1.9649392,3319637,240,2619.5317,1,1.2598443,1.1335306,.96843201,1.0065613
Female,.0024340365,.0024409951,.99714929,.31918928,.00033836067,.01728509,485,1.9648672,3125952.5,227,7608.6826,1,.058687881,.024373997,2.4078071,.016420985,.025531996,.12919179,485,1.9648672,3125952.5,227,183455.53,8,.16274421,.033003639,4.9310989,1.1249567e-06,.10775631,.23829812,485,1.9648672,3125952.5,227,508730.69,42,.12087288,.030234197,3.9978862,.000073863179,.0728819,.19385715,485,1.9648672,3125952.5,227,377842.91,29,.0057642106,.0033559164,1.7176265,.086503096,.0018313266,.017990967,485,1.9648672,3125952.5,227,18018.648,3,.0018605076,.0018668924,.99657995,.31946537,.00025850706,.013258642,485,1.9648672,3125952.5,227,5815.8584,1,.0098488573,.006530975,1.5080224,.13218673,.0026611325,.035754647,495,1.9647679,3221435,237,31727.453,3,.019641414,.0092333034,2.1272359,.033894259,.007749035,.04888574,495,1.9647679,3221435,237,63273.539,6,.098051526,.025831301,3.7958417,.00016538754,.057706624,.16176094,495,1.9647679,3221435,237,315866.63,26,.26808974,.039432667,6.7986712,3.0489999e-11,.19794568,.35217586,495,1.9647679,3221435,237,863633.63,66,.05830428,.020578597,2.8332486,.004795799,.028792912,.11449743,495,1.9647679,3221435,237,187823.44,16,0,0,0,0,0,0,495,1.9647679,3221435,237,0,0,.0097548272,.0066636112,1.463895,.1438718,.0025334461,.036800735,484,1.9648775,3101663.8,226,30256.191,3,.0097548272,.0066636112,1.463895,.1438718,.0025334461,.036800735,484,1.9648775,3101663.8,226,30256.191,3,.038818024,.012366799,3.13889,.0017994479,.020622427,.071889535,484,1.9648775,3101663.8,226,120400.45,13,.33660811,.043932389,7.6619582,1.0073299e-13,.25635239,.42754397,484,1.9648775,3101663.8,226,1044045.2,76,.09477587,.027676756,3.4243851,.00066856196,.052623555,.16481869,484,1.9648775,3101663.8,226,293962.88,19,.0041656494,.0030164164,1.3809929,.16791844,.0010012933,.017158462,484,1.9648775,3101663.8,226,12920.443,2,.0097548272,.0066636112,1.463895,.1438718,.0025334461,.036800735,484,1.9648775,3101663.8,226,30256.191,3,.0097548272,.0066636112,1.463895,.1438718,.0025334461,.036800735,484,1.9648775,3101663.8,226,30256.191,3,.039661869,.01240245,3.197906,.0014749668,.021317119,.072622009,484,1.9648775,3101663.8,226,123017.78,14,.33941075,.04401812,7.7107053,7.1743182e-14,.25890365,.43041265,484,1.9648775,3101663.8,226,1052738,79,.095589258,.027645912,3.4576273,.00059302256,.053375099,.16535833,484,1.9648775,3101663.8,226,296485.75,20,.0041656494,.0030164164,1.3809929,.16791844,.0010012933,.017158462,484,1.9648775,3101663.8,226,12920.443,2,-.10519452,.088089868,-1.1941727,.23299409,-.27827942,.067890376,485,1.9648672,3125952.5,227,0,0,.40073141,.088074349,4.549922,6.7653973e-06,.22768402,.57377881,493,1.9647875,3195710.5,235,12657.168,2,.64052022,.082239151,7.7885075,4.1890204e-14,.47892869,.80211174,482,1.9648979,3075939.3,224,4905.1338,1,.65769535,.081207559,8.0989428,4.5776307e-15,.49813077,.81725991,482,1.9648979,3075939.3,224,27043.25,2,.9736464,1.0123774,.95776445,.96219414
0 to 5 months,0,0,0,0,0,0,492,1.9647974,554939,74,0,0,.013212061,.010001466,1.3210126,.18711123,.0029571115,.056997094,492,1.9647974,554939,74,7331.8887,2,.25719953,.059016172,4.358119,.000015979796,.15875559,.38849702,492,1.9647974,554939,74,142730.05,20,.26094908,.068674333,3.7998052,.00016295329,.14922488,.415472,492,1.9647974,554939,74,144810.83,17,.09177655,.051285841,1.7895106,.07414756,.029282805,.25289479,492,1.9647974,554939,74,50930.391,4,.078704715,.050186511,1.5682445,.11746698,.021457883,.24970557,492,1.9647974,554939,74,43676.32,3,.0027818247,.0028052945,.99163371,.32186267,.00038236447,.019938337,493,1.9647875,556791.38,75,1548.896,1,.057389844,.033877529,1.6940386,.090889543,.017477229,.17245229,493,1.9647875,556791.38,75,31954.17,4,.18716197,.052598007,3.5583472,.00040928469,.10453136,.31232867,493,1.9647875,556791.38,75,104210.17,16,.22230665,.064657561,3.438216,.00063515705,.12056583,.37344491,493,1.9647875,556791.38,75,123778.43,15,.10329369,.051456351,2.0074041,.045251921,.037231088,.25547251,493,1.9647875,556791.38,75,57513.031,6,.042624269,.04126193,1.0330168,.30210248,.0060691908,.24506614,493,1.9647875,556791.38,75,23732.824,1,.010957523,.0086874561,1.261304,.20779704,.002288152,.05080102,492,1.9647974,554939,74,6080.7573,2,.010957523,.0086874561,1.261304,.20779704,.002288152,.05080102,492,1.9647974,554939,74,6080.7573,2,.13479988,.050726924,2.6573637,.008131545,.062167179,.26803905,492,1.9647974,554939,74,74805.719,9,.2251769,.060056224,3.7494347,.00019830128,.12874915,.36367869,492,1.9647974,554939,74,124959.45,18,.034075256,.024653761,1.3821524,.16755205,.008032362,.13321611,492,1.9647974,554939,74,18909.689,2,0,0,0,0,0,0,492,1.9647974,554939,74,0,0,.010957523,.0086874561,1.261304,.20779704,.002288152,.05080102,492,1.9647974,554939,74,6080.7573,2,.028588062,.019515997,1.4648528,.14359976,.0073437984,.10479988,492,1.9647974,554939,74,15864.631,3,.14878409,.051081751,2.9126661,.0037464765,.073328629,.27854478,492,1.9647974,554939,74,82566.094,10,.23752141,.063279994,3.753499,.00019520053,.13554008,.38230038,492,1.9647974,554939,74,131809.91,17,.08568085,.04747704,1.8046798,.071736135,.027698217,.23562761,492,1.9647974,554939,74,47547.648,4,0,0,0,0,0,0,492,1.9647974,554939,74,0,0,.099191211,.22300348,.44479671,.65666229,-.33896542,.53734785,492,1.9647974,554939,74,0,0,.1826015,.22560437,.8093881,.4186832,-.26066539,.62586838,492,1.9647974,555242.5,74,5889.3818,1,.1876882,.14545736,1.2903315,.19754292,-.098107465,.47348386,491,1.9648073,553390.13,73,4905.1338,1,.18917923,.18777008,1.0075047,.31418857,-.17975277,.55811125,491,1.9648073,553390.13,73,2619.5317,1,1.4410887,1.3892083,1.0606103,1.2360207
6 to 11 months,.021578629,.021329669,1.0116719,.31219321,.0030207986,.13832581,491,1.9648073,723009.19,87,15601.547,1,.099601261,.042412866,2.3483737,.019251324,.041851245,.21883911,491,1.9648073,723009.19,87,72012.625,7,.30651179,.064782575,4.7313924,2.9197981e-06,.19540071,.4457978,491,1.9648073,723009.19,87,221610.84,22,.14212406,.041326053,3.439091,.00063336315,.078440659,.24383026,491,1.9648073,723009.19,87,102757,16,.025224695,.014135821,1.7844521,.074967586,.0082935691,.074136399,491,1.9648073,723009.19,87,18237.688,4,.0036151933,.0036387215,.99353397,.32093918,.00049832586,.025725298,491,1.9648073,723009.19,87,2613.8181,1,.047639549,.032860033,1.4497718,.1477593,.011910897,.1718971,492,1.9647974,726318.19,88,34601.473,2,.11057169,.050002959,2.211303,.027473869,.043776315,.25238532,492,1.9647974,726318.19,88,80310.234,5,.19079399,.056053702,3.4037716,.00071889593,.10356726,.32486203,492,1.9647974,726318.19,88,138577.16,14,.31209067,.060101673,5.1927118,3.0390223e-07,.20744415,.44020608,492,1.9647974,726318.19,88,226677.14,30,.02049063,.012835314,1.596426,.11103577,.0059194309,.06845995,492,1.9647974,726318.19,88,14882.717,3,.0028773374,.0028979629,.99288279,.32125515,.00039643567,.02056437,492,1.9647974,726318.19,88,2089.8625,1,.026278954,.025850248,1.0165843,.30985191,.0036942672,.16418122,491,1.9648073,723009.19,87,18999.926,1,.059341233,.040491123,1.4655368,.14341456,.014941975,.20783488,491,1.9648073,723009.19,87,42904.258,2,.15111539,.05320216,2.8403993,.0046928246,.073049948,.28679463,491,1.9648073,723009.19,87,109257.81,9,.40454197,.065787487,6.1492238,1.6146667e-09,.28431186,.53743529,491,1.9648073,723009.19,87,292487.56,36,.038916662,.017150566,2.2691181,.023694202,.016181212,.090653114,491,1.9648073,723009.19,87,28137.105,6,.0028905061,.0029114026,.99282253,.32128546,.00039819223,.020659976,491,1.9648073,723009.19,87,2089.8625,1,.026278954,.025850248,1.0165843,.30985191,.0036942672,.16418122,491,1.9648073,723009.19,87,18999.926,1,.059341233,.040491123,1.4655368,.14341456,.014941975,.20783488,491,1.9648073,723009.19,87,42904.258,2,.17625231,.056792106,3.1034648,.0020229958,.090256274,.31574714,491,1.9648073,723009.19,87,127432.03,10,.29580867,.059081536,5.0067873,7.7291708e-07,.19393945,.42309973,491,1.9648073,723009.19,87,213872.41,30,.044089254,.017984485,2.4515162,.014572972,.019552989,.096388169,491,1.9648073,723009.19,87,31876.938,7,0,0,0,0,0,0,491,1.9648073,723009.19,87,0,0,-.23932995,.1743551,-1.372658,.17048532,-.58190411,.10324423,491,1.9648073,723009.19,87,0,0,.17787328,.17631777,1.0088222,.31355679,-.16855714,.52430367,491,1.9648073,707318.31,87,0,0,.526492,.16462636,3.1981025,.0014728525,.2030313,.8499527,490,1.9648172,704009.31,86,0,0,.46295896,.16756579,2.7628489,.005945418,.13372281,.79219508,490,1.9648172,704009.31,86,16643.193,1,1.3087537,1.2564329,1.1395745,1.1636155
12 to 23 months,.0042725964,.004293201,.99520063,.32012889,.00059046719,.030221978,491,1.9648073,1464870.5,109,6258.8003,1,.060173936,.02896801,2.0772548,.038297322,.022867994,.14905559,491,1.9648073,1464870.5,109,88147.023,8,.18121868,.043205407,4.1943517,.000032474345,.11103301,.28171054,491,1.9648073,1464870.5,109,265461.91,27,.10126555,.035229918,2.874419,.0042233285,.050029881,.19424294,491,1.9648073,1464870.5,109,148340.91,12,.021684084,.014721229,1.4729806,.14139701,.0056371787,.079746984,491,1.9648073,1464870.5,109,31764.375,3,.0039702202,.0039905636,.99490213,.32027391,.00054853957,.02813483,491,1.9648073,1464870.5,109,5815.8584,1,0,0,0,0,0,0,492,1.9647974,1479353.3,110,0,0,.010040215,.0072336122,1.3879946,.16576688,.0024213928,.040654428,492,1.9647974,1479353.3,110,14853.025,2,.09319336,.03640753,2.5597277,.010773168,.042220227,.19328773,492,1.9647974,1479353.3,110,137865.91,11,.21402082,.05100958,4.1956987,.00003227764,.13048701,.33069256,492,1.9647974,1479353.3,110,316612.41,24,.048760507,.027069941,1.8012787,.072271116,.016023625,.13893634,492,1.9647974,1479353.3,110,72134.016,6,.0052731144,.0052926927,.99630088,.31959373,.00072952028,.037065439,492,1.9647974,1479353.3,110,7800.7993,1,0,0,0,0,0,0,491,1.9648073,1464870.5,109,0,0,0,0,0,0,0,0,491,1.9648073,1464870.5,109,0,0,.053333856,.025849091,2.0632777,.039611343,.02018746,.13348959,491,1.9648073,1464870.5,109,78127.195,7,.29364344,.055410564,5.2994123,1.7581185e-07,.1973969,.41268808,491,1.9648073,1464870.5,109,430149.59,37,.076762132,.038004257,2.01983,.043943666,.028173001,.19254816,491,1.9648073,1464870.5,109,112446.59,6,.0053252485,.0053453366,.99624193,.31962332,.000736596,.037428398,491,1.9648073,1464870.5,109,7800.7993,1,0,0,0,0,0,0,491,1.9648073,1464870.5,109,0,0,0,0,0,0,0,0,491,1.9648073,1464870.5,109,0,0,.043194376,.024864128,1.7372167,.082976013,.013654234,.12832813,491,1.9648073,1464870.5,109,63274.168,5,.32156691,.056932643,5.6481991,2.7487248e-08,.22108977,.44180655,491,1.9648073,1464870.5,109,471053.84,41,.081602111,.03822241,2.1349285,.033261273,.031588521,.19486737,491,1.9648073,1464870.5,109,119536.53,7,.0053252485,.0053453366,.99624193,.31962332,.000736596,.037428398,491,1.9648073,1464870.5,109,7800.7993,1,-.12984772,.12036314,-1.0787998,.28120667,-.36633807,.10664263,491,1.9648073,1464870.5,109,0,0,.40010327,.11820571,3.384805,.00076922233,.16785301,.63235354,492,1.9647974,1479353.3,110,12850.623,2,.63480943,.11824354,5.3686609,1.2258222e-07,.4024837,.86713523,491,1.9648073,1464870.5,109,6068.583,1,.69214481,.11663117,5.9344754,5.5742726e-09,.46298704,.92130256,491,1.9648073,1464870.5,109,0,0,1.0446833,.97209662,.93728179,.92266876
24 to 35 months,0,0,0,0,0,0,477,1.9649497,1072115.5,73,0,0,.034971975,.034179449,1.0231872,.30673799,.0049292571,.20955749,477,1.9649497,1072115.5,73,37493.996,1,.184678,.059232146,3.1178679,.0019317267,.094666541,.32915798,477,1.9649497,1072115.5,73,197996.16,15,.091332175,.053116038,1.719484,.08617498,.027784673,.26117697,477,1.9649497,1072115.5,73,97918.641,4,0,0,0,0,0,0,477,1.9649497,1072115.5,73,0,0,0,0,0,0,0,0,477,1.9649497,1072115.5,73,0,0,.020312877,.010366487,1.9594755,.050620198,.007395362,.054553419,493,1.9647875,1279238.8,89,25985.02,4,.020312877,.010366487,1.9594755,.050620198,.007395362,.054553419,493,1.9647875,1279238.8,89,25985.02,4,.085372135,.033782888,2.527082,.011813075,.038362321,.17925058,493,1.9647875,1279238.8,89,109211.34,11,.33254567,.066090077,5.0317035,6.8231407e-07,.21725674,.47211331,493,1.9647875,1279238.8,89,425405.31,28,.10426624,.047126364,2.2124822,.027390892,.041403148,.2387986,493,1.9647875,1279238.8,89,133381.42,8,0,0,0,0,0,0,493,1.9647875,1279238.8,89,0,0,.011860915,.0085032918,1.3948616,.16370676,.0028768168,.0475634,477,1.9649497,1072115.5,73,12716.271,2,.011860915,.0085032918,1.3948616,.16370676,.0028768168,.0475634,477,1.9649497,1072115.5,73,12716.271,2,.016839506,.0099456683,1.6931497,.091079891,.0052333768,.05281806,477,1.9649497,1072115.5,73,18053.895,3,.40267992,.07489007,5.3769469,1.1883478e-07,.26774183,.55415857,477,1.9649497,1072115.5,73,431719.41,30,.20355459,.064044103,3.1783502,.0015773717,.10522605,.35709649,477,1.9649497,1072115.5,73,218234.03,14,.014459481,.010843642,1.3334523,.18301983,.0032786464,.06141961,477,1.9649497,1072115.5,73,15502.233,2,.011860915,.0085032918,1.3948616,.16370676,.0028768168,.0475634,477,1.9649497,1072115.5,73,12716.271,2,.011860915,.0085032918,1.3948616,.16370676,.0028768168,.0475634,477,1.9649497,1072115.5,73,12716.271,2,.011860915,.0085032918,1.3948616,.16370676,.0028768168,.0475634,477,1.9649497,1072115.5,73,12716.271,2,.416522,.074997008,5.5538483,4.6492620e-08,.28020784,.56692004,477,1.9649497,1072115.5,73,446559.69,32,.21100645,.064237647,3.2847786,.0010957271,.11134766,.36338776,477,1.9649497,1072115.5,73,226223.28,15,.014459481,.010843642,1.3334523,.18301983,.0032786464,.06141961,477,1.9649497,1072115.5,73,15502.233,2,-.13066682,.15634499,-.83575952,.40370864,-.43787688,.17654324,477,1.9649497,1072115.5,73,0,0,.49631035,.15014364,3.3055701,.0010171932,.20130703,.79131365,491,1.9648073,1266522.5,87,0,0,.82056057,.16206236,5.0632401,5.9070322e-07,.50211281,1.1390084,475,1.9649708,1059399.3,71,0,0,.86712521,.16046508,5.4038253,1.0340155e-07,.55181605,1.1824343,475,1.9649708,1059399.3,71,0,0,.96371746,1.125832,1.1075616,1.1059948
36 to 47 months,.0067895651,.006838718,.99281257,.32128835,.00093120849,.0477424,493,1.9647875,1120643.6,64,7608.6826,1,.095044419,.06060617,1.5682302,.11746903,.0256308,.29544422,493,1.9647875,1120643.6,64,106510.92,4,.28648314,.081165098,3.5296345,.00045513239,.15542337,.46695572,493,1.9647875,1120643.6,64,321045.5,14,.1035543,.060190048,1.7204554,.085977174,.031301744,.29226601,493,1.9647875,1120643.6,64,116047.46,5,.060490943,.057606652,1.0500687,.29420099,.008710824,.32054079,493,1.9647875,1120643.6,64,67788.789,1,0,0,0,0,0,0,493,1.9647875,1120643.6,64,0,0,0,0,0,0,0,0,493,1.9647875,1120643.6,64,0,0,.0072729844,.0073221382,.99328691,.32105741,.00099791179,.050992858,493,1.9647875,1120643.6,64,8150.4233,1,.1455835,.069828689,2.0848665,.037595388,.053522293,.33923867,493,1.9647875,1120643.6,64,163147.22,6,.16982293,.06536489,2.5980756,.0096552689,.076010473,.33716899,493,1.9647875,1120643.6,64,190310.98,9,.079224952,.059543595,1.330537,.18395649,.017012157,.29960483,493,1.9647875,1120643.6,64,88782.938,2,0,0,0,0,0,0,493,1.9647875,1120643.6,64,0,0,0,0,0,0,0,0,493,1.9647875,1120643.6,64,0,0,0,0,0,0,0,0,493,1.9647875,1120643.6,64,0,0,.048799489,.040857192,1.1943916,.23289913,.0090185674,.22433159,493,1.9647875,1120643.6,64,54686.832,2,.2697781,.072007053,3.7465513,.00020048443,.15265575,.43104824,493,1.9647875,1120643.6,64,302325.13,15,.054701507,.031146519,1.756264,.079664223,.017411178,.15893942,493,1.9647875,1120643.6,64,61300.898,3,0,0,0,0,0,0,493,1.9647875,1120643.6,64,0,0,0,0,0,0,0,0,493,1.9647875,1120643.6,64,0,0,0,0,0,0,0,0,493,1.9647875,1120643.6,64,0,0,.048799489,.040857192,1.1943916,.23289913,.0090185674,.22433159,493,1.9647875,1120643.6,64,54686.832,2,.26728725,.071881555,3.7184398,.00022347193,.15064229,.42866808,493,1.9647875,1120643.6,64,299533.75,15,.054701507,.031146519,1.756264,.079664223,.017411178,.15893942,493,1.9647875,1120643.6,64,61300.898,3,0,0,0,0,0,0,493,1.9647875,1120643.6,64,0,0,-.30590928,.22928235,-1.3342034,.18275316,-.75640041,.14458182,493,1.9647875,1120643.6,64,0,0,.14523451,.1793728,.80967969,.41851491,-.20719492,.49766394,493,1.9647875,1120643.6,64,0,0,.48976144,.12198257,4.0150118,.000068699446,.25009161,.72943127,493,1.9647875,1120643.6,64,0,0,.50903928,.12218258,4.1662183,.000036570513,.26897645,.74910206,493,1.9647875,1120643.6,64,10400.057,1,1.1254916,.96482724,.81288511,.81087774
48 to 59 months,0,0,0,0,0,0,491,1.9648073,1540457.6,64,0,0,.074934371,.043287881,1.7310703,.084067427,.023197986,.21648218,491,1.9648073,1540457.6,64,115433.22,3,.17441668,.058667477,2.9729702,.0030942559,.086656801,.31992206,491,1.9648073,1540457.6,64,268681.5,11,.20941462,.070021264,2.9907291,.002922938,.10345198,.37813523,491,1.9648073,1540457.6,64,322594.34,10,.039566569,.0338156,1.1700686,.24254099,.0071192915,.19139087,491,1.9648073,1540457.6,64,60950.625,2,0,0,0,0,0,0,491,1.9648073,1540457.6,64,0,0,.014832408,.010605243,1.398592,.16256538,.0036044051,.058966637,492,1.9647974,1544265.1,65,22905.172,2,.014832408,.010605243,1.398592,.16256538,.0036044051,.058966637,492,1.9647974,1544265.1,65,22905.172,2,.11345097,.045228574,2.5083914,.012448882,.050235488,.23641442,492,1.9647974,1544265.1,65,175198.38,8,.31296554,.074874952,4.1798429,.000034529079,.18686886,.47449782,492,1.9647974,1544265.1,65,483301.81,20,.017580086,.010487149,1.6763457,.094305761,.0053980886,.055713534,492,1.9647974,1544265.1,65,27148.314,3,.0053868396,.0054303827,.99198163,.32169411,.00073875766,.038162638,492,1.9647974,1544265.1,65,8318.709,1,.015190616,.010868251,1.3977057,.1628352,.0036871575,.060407389,489,1.9648271,1507850,62,22905.172,2,.021378886,.012621529,1.6938428,.090931959,.0066328645,.066706464,489,1.9648271,1507850,62,32236.156,3,.037333477,.020365771,1.8331482,.067388259,.012577162,.10560729,489,1.9648271,1507850,62,56293.285,4,.30067366,.073009625,4.1182747,.000044815308,.17853285,.459622,489,1.9648271,1507850,62,453370.81,20,.036684904,.020306814,1.8065315,.071449958,.012163734,.10536622,489,1.9648271,1507850,62,55315.332,4,.0051193652,.0051646796,.99122602,.32206544,.0007012033,.036362633,489,1.9648271,1507850,62,7719.2349,1,.01510727,.010806795,1.3979418,.16276301,.0036680412,.06007025,490,1.9648172,1516168.8,63,22905.172,2,.021261588,.012549097,1.6942723,.090848975,.0065988665,.066329554,490,1.9648172,1516168.8,63,32236.156,3,.037128642,.020249425,1.8335652,.067324944,.012512513,.10502215,490,1.9648172,1516168.8,63,56293.285,4,.3400178,.075771689,4.4873986,8.9943778e-06,.20971483,.50005382,490,1.9648172,1516168.8,63,515524.34,22,.035129685,.019766675,1.7772176,.076152667,.011444256,.10274063,490,1.9648172,1516168.8,63,53262.531,4,.005091277,.0051358324,.99132454,.32201639,.00069752324,.036160141,490,1.9648172,1516168.8,63,7719.2349,1,-.0087681469,.1767379,-.049611013,.96045256,-.35602406,.33848777,491,1.9648073,1540457.6,64,21503.539,1,.38096532,.14870587,2.5618715,.010709003,.088785492,.67314517,490,1.9648172,1521360,63,0,0,.58661228,.11060469,5.3036838,1.7253009e-07,.36929101,.80393362,487,1.9648471,1484944.9,60,0,0,.63171726,.10988994,5.7486358,1.5873214e-08,.41580141,.84763306,488,1.9648371,1493263.6,61,0,0,1.0981128,.9811095,.81066918,.81696582
Male 0 to 5 months,0,0,0,0,0,0,493,1.9647875,369280.81,45,0,0,.019854508,.015093964,1.3153939,.18898897,.0043935492,.085073732,493,1.9647875,369280.81,45,7331.8887,2,.29710761,.079243764,3.7492871,.00019837043,.16705261,.4711428,493,1.9647875,369280.81,45,109716.13,14,.27098981,.089546755,3.026238,.0026056147,.13236605,.47526664,493,1.9647875,369280.81,45,100071.33,10,.13791779,.074494839,1.8513738,.064713605,.044628195,.35396603,493,1.9647875,369280.81,45,50930.391,4,.118274,.073176771,1.6162779,.10667393,.032686353,.34746754,493,1.9647875,369280.81,45,43676.32,3,.0041943584,.0042499555,.98691809,.32416689,.00057015696,.030160574,493,1.9647875,369280.81,45,1548.896,1,.074258685,.049152102,1.5107937,.13148168,.0193057,.24634165,493,1.9647875,369280.81,45,27422.309,3,.23176171,.073768452,3.1417453,.0017804345,.11790342,.40507939,493,1.9647875,369280.81,45,85585.148,11,.25064108,.089356616,2.8049529,.00523117,.11609342,.45997682,493,1.9647875,369280.81,45,92556.938,8,.118274,.073176771,1.6162779,.10667393,.032686353,.34746754,493,1.9647875,369280.81,45,43676.32,3,.064267687,.061182566,1.0504248,.29403746,.0092191659,.33640951,493,1.9647875,369280.81,45,23732.824,1,.0041943584,.0042499555,.98691809,.32416689,.00057015696,.030160574,493,1.9647875,369280.81,45,1548.896,1,.0041943584,.0042499555,.98691809,.32416689,.00057015696,.030160574,493,1.9647875,369280.81,45,1548.896,1,.080176868,.040346615,1.9872019,.04745296,.028892662,.20342185,493,1.9647875,369280.81,45,29607.777,5,.25409985,.081545927,3.1160338,.0019398952,.12761566,.4423767,493,1.9647875,369280.81,45,93834.195,12,.032710757,.032208681,1.0155882,.31032369,.0045555318,.19992869,493,1.9647875,369280.81,45,12079.454,1,0,0,0,0,0,0,493,1.9647875,369280.81,45,0,0,.0041943584,.0042499555,.98691809,.32416689,.00057015696,.030160574,493,1.9647875,369280.81,45,1548.896,1,.030688761,.026606226,1.1534429,.24928758,.0054318369,.15507391,493,1.9647875,369280.81,45,11332.77,2,.14331926,.060877271,2.3542325,.018952353,.059401967,.30708289,493,1.9647875,369280.81,45,52925.051,6,.27473614,.086619548,3.171757,.0016096323,.13885342,.47088227,493,1.9647875,369280.81,45,101454.79,10,.096978448,.067165092,1.4438818,.14940742,.023244618,.32643521,493,1.9647875,369280.81,45,35812.277,2,0,0,0,0,0,0,493,1.9647875,369280.81,45,0,0,.039813876,.31788555,.12524594,.9003799,-.58476371,.66439146,493,1.9647875,369280.81,45,0,0,.19194619,.32558233,.58954734,.55576479,-.44775712,.83164948,492,1.9647974,367731.91,44,0,0,.2380234,.17992747,1.3228853,.18648805,-.11549761,.59154439,492,1.9647974,367731.91,44,0,0,.24489717,.25402799,.96405584,.33549154,-.25421637,.74401075,492,1.9647974,367731.91,44,2619.5317,1,1.6013116,1.5411875,1.0341985,1.288408
Male 6 to 11 months,.049031027,.04765901,1.0287882,.30408469,.00687262,.27753082,492,1.9647974,318197.44,41,15601.547,1,.16703098,.075796813,2.2036674,.028010245,.064331658,.36901957,492,1.9647974,318197.44,41,53148.824,6,.51307124,.10053514,5.1034021,4.7738706e-07,.32336107,.69908863,492,1.9647974,318197.44,41,163257.95,15,.13847502,.049952403,2.7721391,.0057800659,.065945782,.2678954,492,1.9647974,318197.44,41,44062.395,10,.037786432,.025519837,1.4806691,.13933486,.0097918715,.13491182,492,1.9647974,318197.44,41,12023.546,3,.0082144542,.0083230566,.98695153,.32415152,.001111565,.058066316,492,1.9647974,318197.44,41,2613.8181,1,.049031027,.04765901,1.0287882,.30408469,.00687262,.27753082,492,1.9647974,318197.44,41,15601.547,1,.13339676,.081888758,1.6289996,.1039532,.03686069,.38238093,492,1.9647974,318197.44,41,42446.504,3,.23843712,.093303978,2.5554872,.01090354,.10239967,.46214935,492,1.9647974,318197.44,41,75870.078,8,.25887275,.074798562,3.4609323,.00058516971,.13969311,.42902499,492,1.9647974,318197.44,41,82372.641,15,.0065678172,.0066653369,.98536909,.32492712,.00088756764,.046894252,492,1.9647974,318197.44,41,2089.8625,1,.0065678172,.0066653369,.98536909,.32492712,.00088756764,.046894252,492,1.9647974,318197.44,41,2089.8625,1,0,0,0,0,0,0,492,1.9647974,318197.44,41,0,0,.075124212,.070972517,1.0584973,.2903482,.010798361,.37671164,492,1.9647974,318197.44,41,23904.332,1,.19901942,.095546186,2.0829654,.037770186,.071089193,.44650769,492,1.9647974,318197.44,41,63327.469,4,.37483171,.093642704,4.0027857,.000072251147,.2147202,.56798059,492,1.9647974,318197.44,41,119270.48,17,.045144919,.028362395,1.5917174,.11209048,.012812595,.14692409,492,1.9647974,318197.44,41,14364.997,3,.0065678172,.0066653369,.98536909,.32492712,.00088756764,.046894252,492,1.9647974,318197.44,41,2089.8625,1,0,0,0,0,0,0,492,1.9647974,318197.44,41,0,0,.075124212,.070972517,1.0584973,.2903482,.010798361,.37671164,492,1.9647974,318197.44,41,23904.332,1,.19901942,.095546186,2.0829654,.037770186,.071089193,.44650769,492,1.9647974,318197.44,41,63327.469,4,.28281039,.081860855,3.4547696,.00059838098,.15141472,.46565938,492,1.9647974,318197.44,41,89989.539,14,.056898098,.030946666,1.8385857,.066578701,.019057918,.15778606,492,1.9647974,318197.44,41,18104.83,4,0,0,0,0,0,0,492,1.9647974,318197.44,41,0,0,-.67604214,.27466887,-2.4612989,.014185664,-1.2157108,-.13637349,492,1.9647974,318197.44,41,0,0,-.13848697,.2803584,-.49396402,.62155205,-.68933445,.41236052,492,1.9647974,318197.44,41,0,0,.38256902,.27305168,1.4010864,.16181865,-.15392222,.91906023,492,1.9647974,318197.44,41,0,0,.34485796,.27106419,1.2722372,.2038898,-.18772824,.87744415,492,1.9647974,318197.44,41,0,0,1.5050852,1.4027058,1.2363091,1.2294029
Male 12 to 23 months,.0080649005,.0081330882,.99161601,.32187328,.0011018463,.056539923,491,1.9648073,776054.25,56,6258.8003,1,.055583902,.023793947,2.3360522,.019890068,.023585491,.12541832,491,1.9648073,776054.25,56,43136.125,6,.21293937,.060519874,3.518503,.00047433507,.11745027,.35484821,491,1.9648073,776054.25,56,165252.5,18,.137609,.059570991,2.3100002,.021301981,.056169089,.29964173,491,1.9648073,776054.25,56,106792.05,7,.02571968,.025481956,1.0093291,.31331396,.0035669245,.16295455,491,1.9648073,776054.25,56,19959.867,1,0,0,0,0,0,0,491,1.9648073,776054.25,56,0,0,0,0,0,0,0,0,492,1.9647974,790537.06,57,0,0,.018788524,.013606119,1.3808879,.16794038,.0044711088,.075477295,492,1.9647974,790537.06,57,14853.025,2,.097986341,.04698531,2.0854676,.037541647,.036816981,.2358949,492,1.9647974,790537.06,57,77461.836,7,.10745983,.041220631,2.6069429,.0094127161,.049201675,.2188237,492,1.9647974,790537.06,57,84950.984,8,.020391479,.014582328,1.3983692,.16263221,.0049355319,.080340855,492,1.9647974,790537.06,57,16120.221,2,.0098677212,.0099295508,.99377316,.32082182,.0013512376,.068385571,492,1.9647974,790537.06,57,7800.7993,1,0,0,0,0,0,0,491,1.9648073,776054.25,56,0,0,0,0,0,0,0,0,491,1.9648073,776054.25,56,0,0,.082120351,.046239387,1.7759827,.076354995,.026104884,.22995248,491,1.9648073,776054.25,56,63729.852,5,.15715624,.045911714,3.4230096,.00067110534,.086229362,.26923379,491,1.9648073,776054.25,56,121961.77,15,.03642277,.021667261,1.6810048,.093397945,.011112953,.11280058,491,1.9648073,776054.25,56,28266.045,3,.010051874,.010116995,.99356312,.320925,.0013755711,.069637097,491,1.9648073,776054.25,56,7800.7993,1,0,0,0,0,0,0,491,1.9648073,776054.25,56,0,0,0,0,0,0,0,0,491,1.9648073,776054.25,56,0,0,.062981196,.044448115,1.4169599,.15712883,.015072372,.22793126,491,1.9648073,776054.25,56,48876.828,3,.1408055,.040090207,3.5122166,.00048541412,.078731,.23911881,491,1.9648073,776054.25,56,109272.7,15,.04555865,.02367158,1.9246138,.054855179,.016115298,.12211937,491,1.9648073,776054.25,56,35355.984,4,.010051874,.010116995,.99356312,.320925,.0013755711,.069637097,491,1.9648073,776054.25,56,7800.7993,1,-.12882712,.15536572,-.82918632,.40740192,-.43409079,.17643656,491,1.9648073,776054.25,56,0,0,.15492655,.12666723,1.223099,.22187783,-.093948886,.40380201,492,1.9647974,790537.06,57,6082.8374,1,.32329983,.1160569,2.7857008,.0055477885,.095270365,.55132926,491,1.9648073,776054.25,56,6068.583,1,.36134914,.1143202,3.1608512,.0016702692,.13673198,.58596629,491,1.9648073,776054.25,56,0,0,1.0597372,.90408778,.82314813,.80773526
Male 24 to 35 months,0,0,0,0,0,0,485,1.9648672,627919,39,0,0,.059711516,.057402868,1.0402184,.29875675,.0084465705,.32129839,485,1.9648672,627919,39,37493.996,1,.24419379,.092429772,2.6419387,.0085096005,.10775948,.46361151,485,1.9648672,627919,39,153333.92,8,.059720762,.057411179,1.0402287,.29875192,.0084479535,.32133418,485,1.9648672,627919,39,37499.801,1,0,0,0,0,0,0,485,1.9648672,627919,39,0,0,0,0,0,0,0,0,485,1.9648672,627919,39,0,0,.018156113,.013111556,1.3847413,.16675793,.0043399334,.072742663,493,1.9647875,730194.5,47,13257.494,2,.018156113,.013111556,1.3847413,.16675793,.0043399334,.072742663,493,1.9647875,730194.5,47,13257.494,2,.11356778,.055395368,2.0501313,.040879972,.041648034,.27415383,493,1.9647875,730194.5,47,82926.57,7,.23398186,.081392251,2.8747437,.0042183404,.11123444,.4270907,493,1.9647875,730194.5,47,170852.27,10,.077944621,.054445725,1.4316022,.15289131,.01872371,.27246538,493,1.9647875,730194.5,47,56914.734,3,0,0,0,0,0,0,493,1.9647875,730194.5,47,0,0,.0095424186,.0096596116,.98786777,.32370996,.0012916002,.066965848,485,1.9648672,627919,39,5991.8662,1,.0095424186,.0096596116,.98786777,.32370996,.0012916002,.066965848,485,1.9648672,627919,39,5991.8662,1,.018042916,.01308997,1.3783772,.16872233,.0042844042,.072755776,485,1.9648672,627919,39,11329.49,2,.34872845,.095891669,3.6366918,.00030572314,.18935215,.55106115,485,1.9648672,627919,39,218973.23,14,.13895081,.068868354,2.0176294,.044180121,.04949908,.33335975,485,1.9648672,627919,39,87249.852,6,.01640502,.016494673,.99456477,.32044393,.0022329809,.11055631,485,1.9648672,627919,39,10301.024,1,.0095424186,.0096596116,.98786777,.32370996,.0012916002,.066965848,485,1.9648672,627919,39,5991.8662,1,.0095424186,.0096596116,.98786777,.32370996,.0012916002,.066965848,485,1.9648672,627919,39,5991.8662,1,.0095424186,.0096596116,.98786777,.32370996,.0012916002,.066965848,485,1.9648672,627919,39,5991.8662,1,.36154535,.096293613,3.7546141,.00019466903,.19967435,.56242377,485,1.9648672,627919,39,227021.2,15,.13895081,.068868354,2.0176294,.044180121,.04949908,.33335975,485,1.9648672,627919,39,87249.852,6,.01640502,.016494673,.99456477,.32044393,.0022329809,.11055631,485,1.9648672,627919,39,10301.024,1,-.24077164,.22610685,-1.0648577,.28747016,-.68504161,.20349833,485,1.9648672,627919,39,0,0,.32568714,.19257978,1.6911805,.091435634,-.052693088,.70406741,492,1.9647974,724202.63,46,0,0,.73121333,.21359259,3.4234023,.00067092641,.31153008,1.1508967,484,1.9648775,621927.13,38,0,0,.76418138,.21194209,3.6056142,.00034372235,.34774116,1.1806216,484,1.9648775,621927.13,38,0,0,1.0370334,1.0537484,1.0917301,1.0864204
Male 36 to 47 months,0,0,0,0,0,0,493,1.9647875,695453.75,32,0,0,.098609619,.091173634,1.0815585,.27997753,.01437012,.45080727,493,1.9647875,695453.75,32,68578.43,1,.34026256,.11675844,2.9142437,.0037275851,.15656014,.58899194,493,1.9647875,695453.75,32,236636.89,7,.11037868,.090352558,1.2216443,.222426,.019942809,.43069521,493,1.9647875,695453.75,32,76763.273,2,.09747418,.09024369,1.0801219,.28061602,.014187407,.44766539,493,1.9647875,695453.75,32,67788.789,1,0,0,0,0,0,0,493,1.9647875,695453.75,32,0,0,0,0,0,0,0,0,493,1.9647875,695453.75,32,0,0,0,0,0,0,0,0,493,1.9647875,695453.75,32,0,0,.16661404,.10482059,1.5895163,.11258494,.043395553,.46839201,493,1.9647875,695453.75,32,115872.36,2,.2025561,.095928729,2.111527,.035229642,.073287398,.44929132,493,1.9647875,695453.75,32,140868.41,6,.09747418,.09024369,1.0801219,.28061602,.014187407,.44766539,493,1.9647875,695453.75,32,67788.789,1,0,0,0,0,0,0,493,1.9647875,695453.75,32,0,0,0,0,0,0,0,0,493,1.9647875,695453.75,32,0,0,0,0,0,0,0,0,493,1.9647875,695453.75,32,0,0,.066915177,.064126499,1.0434871,.29723418,.0094428807,.3504335,493,1.9647875,695453.75,32,46536.41,1,.33037606,.10471208,3.1550899,.001702523,.16294689,.55564201,493,1.9647875,695453.75,32,229761.27,10,.030477714,.030346531,1.0043229,.3157157,.0041617998,.19123919,493,1.9647875,695453.75,32,21195.842,1,0,0,0,0,0,0,493,1.9647875,695453.75,32,0,0,0,0,0,0,0,0,493,1.9647875,695453.75,32,0,0,0,0,0,0,0,0,493,1.9647875,695453.75,32,0,0,.066915177,.064126499,1.0434871,.29723418,.0094428807,.3504335,493,1.9647875,695453.75,32,46536.41,1,.33037606,.10471208,3.1550899,.001702523,.16294689,.55564201,493,1.9647875,695453.75,32,229761.27,10,.030477714,.030346531,1.0043229,.3157157,.0041617998,.19123919,493,1.9647875,695453.75,32,21195.842,1,0,0,0,0,0,0,493,1.9647875,695453.75,32,0,0,-.31597885,.35536769,-.88916034,.37435055,-1.0142008,.38224316,493,1.9647875,695453.75,32,0,0,.17498957,.26828519,.65225202,.51454258,-.35213384,.70211297,493,1.9647875,695453.75,32,0,0,.54123092,.16677834,3.2452111,.0012533865,.21354693,.86891496,493,1.9647875,695453.75,32,0,0,.57413292,.16768178,3.4239433,.00066864298,.24467385,.90359199,493,1.9647875,695453.75,32,0,0,1.2549756,1.0024852,.78115451,.78544593
Male 48 to 59 months,0,0,0,0,0,0,492,1.9647974,563177.63,31,0,0,.059989739,.058128089,1.0320266,.30256665,.0083505679,.32598642,492,1.9647974,563177.63,31,33784.879,1,.14311266,.072387181,1.9770443,.048594445,.049762059,.34753573,492,1.9647974,563177.63,31,80597.852,5,.33637246,.1290289,2.6069546,.0094124041,.14001176,.61210954,492,1.9647974,563177.63,31,189437.45,5,.10822628,.087734252,1.2335694,.21795239,.019936554,.41996577,492,1.9647974,563177.63,31,60950.625,2,0,0,0,0,0,0,492,1.9647974,563177.63,31,0,0,.039388999,.028298892,1.391892,.16458273,.009344684,.15127872,493,1.9647875,581511.94,32,22905.172,2,.039388999,.028298892,1.391892,.16458273,.009344684,.15127872,493,1.9647875,581511.94,32,22905.172,2,.12833369,.060688864,2.1146166,.034963906,.048258789,.2994684,493,1.9647875,581511.94,32,74627.563,5,.56895,.10892146,5.2234883,2.5951081e-07,.35547563,.7595461,493,1.9647875,581511.94,32,330851.19,13,.03341132,.02436344,1.3713712,.17088313,.0077898023,.13208626,493,1.9647875,581511.94,32,19429.08,2,.014305311,.014503503,.98633492,.32445261,.0019197587,.098696068,493,1.9647875,581511.94,32,8318.709,1,.041281074,.029720077,1.3889962,.16546357,.0097503457,.15845974,491,1.9648073,554858.94,30,22905.172,2,.058097932,.034683295,1.6750984,.094551638,.017445553,.17646673,491,1.9648073,554858.94,30,32236.156,3,.10145513,.054873168,1.8489025,.065072834,.033444963,.26923981,491,1.9648073,554858.94,30,56293.285,4,.37336665,.11379046,3.281177,.0011072953,.18642606,.60773486,491,1.9648073,554858.94,30,207165.81,12,.06708838,.048956152,1.3703769,.17119545,.015229451,.25059873,491,1.9648073,554858.94,30,37224.586,2,0,0,0,0,0,0,491,1.9648073,554858.94,30,0,0,.040671311,.029255919,1.3901908,.16509953,.0096227201,.15610982,492,1.9647974,563177.63,31,22905.172,2,.057239763,.034126729,1.6772707,.094124705,.017223421,.17378809,492,1.9647974,563177.63,31,32236.156,3,.099956535,.054005228,1.8508679,.064787723,.03301708,.26536658,492,1.9647974,563177.63,31,56293.285,4,.47607791,.11935206,3.9888539,.000076485754,.26193723,.69939131,492,1.9647974,563177.63,31,268116.44,14,.080868438,.050607853,1.5979425,.11069778,.022568615,.25108323,492,1.9647974,563177.63,31,45543.297,3,0,0,0,0,0,0,492,1.9647974,563177.63,31,0,0,.34721038,.29292393,1.185326,.23646076,-.22832581,.92274654,492,1.9647974,563177.63,31,21503.539,1,.72116745,.22943987,3.1431653,.0017724078,.27036232,1.1719725,491,1.9648073,558606.75,30,0,0,.81237632,.16660042,4.8761964,1.4647948e-06,.4850353,1.1397173,489,1.9648271,531953.75,28,0,0,.92384613,.16704549,5.5305066,5.2027765e-08,.59563226,1.2520599,490,1.9648172,540272.44,29,0,0,1.2313087,1.1141821,.93202412,.95570016
Female 0 to 5 months,0,0,0,0,0,0,492,1.9647974,185658.22,29,0,0,0,0,0,0,0,0,492,1.9647974,185658.22,29,0,0,.17782091,.075468451,2.3562284,.01885278,.072735757,.373564,492,1.9647974,185658.22,29,33013.91,6,.24097775,.10074238,2.3920195,.017130349,.097132124,.48371854,492,1.9647974,185658.22,29,44739.5,7,0,0,0,0,0,0,492,1.9647974,185658.22,29,0,0,0,0,0,0,0,0,492,1.9647974,185658.22,29,0,0,0,0,0,0,0,0,493,1.9647875,187510.56,30,0,0,.024168566,.02424138,.99699622,.31925544,.0032763192,.15726489,493,1.9647875,187510.56,30,4531.8613,1,.099327862,.049153801,2.0207565,.043845057,.036115631,.24505083,493,1.9647875,187510.56,30,18625.023,5,.16650522,.066000357,2.5227926,.011956232,.072763301,.33710897,493,1.9647875,187510.56,30,31221.488,7,.073791653,.045941692,1.6062024,.10886975,.0208249,.22985218,493,1.9647875,187510.56,30,13836.715,3,0,0,0,0,0,0,493,1.9647875,187510.56,30,0,0,.0244097,.024488995,.99676204,.31937,.0033064708,.15874945,492,1.9647974,185658.22,29,4531.8613,1,.0244097,.024488995,.99676204,.31937,.0033064708,.15874945,492,1.9647974,185658.22,29,4531.8613,1,.24344702,.11636931,2.0920208,.036948632,.085077628,.5268563,492,1.9647974,185658.22,29,45197.938,4,.16764812,.070941955,2.363173,.018507158,.069056571,.35354254,492,1.9647974,185658.22,29,31125.25,6,.036789294,.036451083,1.0092785,.31333718,.0050357007,.2237446,492,1.9647974,185658.22,29,6830.2349,1,0,0,0,0,0,0,492,1.9647974,185658.22,29,0,0,.0244097,.024488995,.99676204,.31937,.0033064708,.15874945,492,1.9647974,185658.22,29,4531.8613,1,.0244097,.024488995,.99676204,.31937,.0033064708,.15874945,492,1.9647974,185658.22,29,4531.8613,1,.15965381,.09259557,1.7242057,.085298844,.04667088,.42439121,492,1.9647974,185658.22,29,29641.041,4,.16349998,.066162243,2.4711976,.013803749,.070247307,.33583051,492,1.9647974,185658.22,29,30355.113,7,.063209534,.044823084,1.4102005,.15911238,.015019235,.22992785,492,1.9647974,185658.22,29,11735.369,2,0,0,0,0,0,0,492,1.9647974,185658.22,29,0,0,.21729484,.21606393,1.005697,.3150557,-.20722699,.64181668,492,1.9647974,185658.22,29,0,0,.16427536,.19420159,.84590125,.39801824,-.21728951,.5458402,493,1.9647875,187510.56,30,5889.3818,1,.087989621,.2377795,.37004712,.71150661,-.37919891,.55517817,492,1.9647974,185658.22,29,4905.1338,1,.078819089,.2333644,.33775112,.73569483,-.37969467,.53733283,492,1.9647974,185658.22,29,0,0,1.0749401,1.0592592,1.1248879,1.1422851
Female 6 to 11 months,0,0,0,0,0,0,492,1.9647974,404811.78,46,0,0,.046598945,.045216702,1.0305693,.30324918,.0065732091,.26526952,492,1.9647974,404811.78,46,18863.801,1,.14414822,.059146252,2.4371488,.01515692,.061616711,.30168539,492,1.9647974,404811.78,46,58352.895,7,.14499235,.062386781,2.3240876,.02052715,.059345514,.31310141,492,1.9647974,404811.78,46,58694.609,6,.015350691,.015382728,.99791735,.31880996,.0021062915,.10325851,492,1.9647974,404811.78,46,6214.1406,1,0,0,0,0,0,0,492,1.9647974,404811.78,46,0,0,.046554666,.0451646,1.0307777,.30315048,.0065700114,.26497641,493,1.9647875,408120.78,47,18999.926,1,.092775792,.061575405,1.5067021,.13252752,.023716304,.30094174,493,1.9647875,408120.78,47,37863.727,2,.15364833,.066659339,2.3049784,.021582294,.062185682,.33200961,493,1.9647875,408120.78,47,62707.074,6,.35358283,.086976066,4.065289,.000055827702,.205707,.53602374,493,1.9647875,408120.78,47,144304.5,15,.031345759,.022218594,1.4107894,.15893741,.0076256492,.11993195,493,1.9647875,408120.78,47,12792.854,2,0,0,0,0,0,0,493,1.9647875,408120.78,47,0,0,.046935212,.045526691,1.0309383,.30307627,.0066227182,.26674023,492,1.9647974,404811.78,46,18999.926,1,.046935212,.045526691,1.0309383,.30307627,.0066227182,.26674023,492,1.9647974,404811.78,46,18999.926,1,.11346099,.054763634,2.071831,.0388017,.042064555,.27167177,492,1.9647974,404811.78,46,45930.344,5,.42789534,.090455867,4.7304325,2.9314740e-06,.26571921,.6072017,492,1.9647974,404811.78,46,173217.08,19,.034021016,.020998357,1.6201751,.10583539,.0099362368,.10999949,492,1.9647974,404811.78,46,13772.107,3,0,0,0,0,0,0,492,1.9647974,404811.78,46,0,0,.046935212,.045526691,1.0309383,.30307627,.0066227182,.26674023,492,1.9647974,404811.78,46,18999.926,1,.046935212,.045526691,1.0309383,.30307627,.0066227182,.26674023,492,1.9647974,404811.78,46,18999.926,1,.15835649,.067157164,2.3579984,.018764157,.065342799,.33615351,492,1.9647974,404811.78,46,64104.566,6,.30602583,.083245359,3.6761909,.0002627878,.16953629,.48784906,492,1.9647974,404811.78,46,123882.86,16,.034021016,.020998357,1.6201751,.10583539,.0099362368,.10999949,492,1.9647974,404811.78,46,13772.107,3,0,0,0,0,0,0,492,1.9647974,404811.78,46,0,0,.10394245,.18781245,.55343747,.58021528,-.26507095,.47295582,492,1.9647974,404811.78,46,0,0,.4365719,.19257471,2.2670262,.023821786,.058201611,.81494218,492,1.9647974,389120.84,46,0,0,.64519215,.18690611,3.4519584,.00060460001,.27795765,1.0124266,491,1.9648073,385811.84,45,0,0,.56036252,.20028418,2.797837,.0053467625,.16684268,.95388228,491,1.9648073,385811.84,45,16643.193,1,1.0206661,1.0690633,1.051507,1.110057
Female 12 to 23 months,0,0,0,0,0,0,493,1.9647875,688816.19,53,0,0,.065345295,.055217918,1.1834074,.23721804,.011694791,.29232156,493,1.9647875,688816.19,53,45010.898,2,.14548059,.062432807,2.3301947,.020198526,.059679419,.31351021,493,1.9647875,688816.19,53,100209.39,9,.060319226,.030434683,1.9819241,.048042644,.021862464,.15565757,493,1.9647875,688816.19,53,41548.859,5,.017137384,.012330588,1.389827,.16520865,.0041209236,.068442397,493,1.9647875,688816.19,53,11804.508,2,.0084432662,.0085225236,.99070024,.32231796,.0011509389,.059201155,493,1.9647875,688816.19,53,5815.8584,1,0,0,0,0,0,0,493,1.9647875,688816.19,53,0,0,0,0,0,0,0,0,493,1.9647875,688816.19,53,0,0,.087692574,.056731828,1.5457386,.12280937,.023306977,.27911413,493,1.9647875,688816.19,53,60404.066,4,.33631819,.089523681,3.7567513,.00019270895,.18728089,.52704501,493,1.9647875,688816.19,53,231661.42,16,.08131893,.054467667,1.4929762,.1360831,.020692565,.27050751,493,1.9647875,688816.19,53,56013.797,4,0,0,0,0,0,0,493,1.9647875,688816.19,53,0,0,0,0,0,0,0,0,493,1.9647875,688816.19,53,0,0,0,0,0,0,0,0,493,1.9647875,688816.19,53,0,0,.02090157,.015045713,1.3892044,.16539775,.0050098528,.082998283,493,1.9647875,688816.19,53,14397.34,2,.44741663,.09179002,4.8743491,1.4744038e-06,.28078452,.62676078,493,1.9647875,688816.19,53,308187.81,22,.12221045,.074206725,1.6468918,.10021751,.034529898,.35148114,493,1.9647875,688816.19,53,84180.539,3,0,0,0,0,0,0,493,1.9647875,688816.19,53,0,0,0,0,0,0,0,0,493,1.9647875,688816.19,53,0,0,0,0,0,0,0,0,493,1.9647875,688816.19,53,0,0,.02090157,.015045713,1.3892044,.16539775,.0050098528,.082998283,493,1.9647875,688816.19,53,14397.34,2,.52522159,.09164159,5.7312584,1.7379483e-08,.34953356,.69488007,493,1.9647875,688816.19,53,361781.16,26,.12221045,.074206725,1.6468918,.10021751,.034529898,.35148114,493,1.9647875,688816.19,53,84180.539,3,0,0,0,0,0,0,493,1.9647875,688816.19,53,0,0,-.1309976,.18673123,-.70153016,.48330325,-.49788481,.23588961,493,1.9647875,688816.19,53,0,0,.68148643,.189308,3.5998819,.00035056708,.30953646,1.0534364,493,1.9647875,688816.19,53,6767.7861,1,.98577154,.17802919,5.5371346,5.0065310e-08,.63598204,1.335561,493,1.9647875,688816.19,53,0,0,1.0648355,.16752455,6.3562956,4.7119508e-10,.73568541,1.3939856,493,1.9647875,688816.19,53,0,0,1.0379288,.97946697,.94104552,.90845603
Female 24 to 35 months,0,0,0,0,0,0,485,1.9648672,444196.53,34,0,0,0,0,0,0,0,0,485,1.9648672,444196.53,34,0,0,.10054611,.041130934,2.4445376,.014858778,.04373857,.21457906,485,1.9648672,444196.53,34,44662.234,7,.13601828,.096900977,1.4036832,.16105315,.030209355,.44309852,485,1.9648672,444196.53,34,60418.844,3,0,0,0,0,0,0,485,1.9648672,444196.53,34,0,0,0,0,0,0,0,0,485,1.9648672,444196.53,34,0,0,.023181239,.01670273,1.3878711,.16580318,.0055398182,.091814585,493,1.9647875,549044.25,42,12727.526,2,.023181239,.01670273,1.3878711,.16580318,.0055398182,.091814585,493,1.9647875,549044.25,42,12727.526,2,.047873687,.024753321,1.9340309,.053681299,.017004693,.12751089,493,1.9647875,549044.25,42,26284.773,4,.46362934,.10076608,4.6010456,5.3526292e-06,.28051904,.65710247,493,1.9647875,549044.25,42,254553.05,18,.13927235,.081246339,1.7141985,.087120794,.040973525,.37996402,493,1.9647875,549044.25,42,76466.688,5,0,0,0,0,0,0,493,1.9647875,549044.25,42,0,0,.015138355,.015313691,.98855042,.32337606,.0020386104,.10367028,485,1.9648672,444196.53,34,6724.4048,1,.015138355,.015313691,.98855042,.32337606,.0020386104,.10367028,485,1.9648672,444196.53,34,6724.4048,1,.015138355,.015313691,.98855042,.32337606,.0020386104,.10367028,485,1.9648672,444196.53,34,6724.4048,1,.47894603,.11409163,4.197907,.000032052736,.27238452,.69296688,485,1.9648672,444196.53,34,212746.16,16,.2948789,.11259015,2.6190472,.0090936376,.12611364,.54789209,485,1.9648672,444196.53,34,130984.18,8,.011709252,.011884579,.98524755,.32499373,.0015725015,.081834301,485,1.9648672,444196.53,34,5201.209,1,.015138355,.015313691,.98855042,.32337606,.0020386104,.10367028,485,1.9648672,444196.53,34,6724.4048,1,.015138355,.015313691,.98855042,.32337606,.0020386104,.10367028,485,1.9648672,444196.53,34,6724.4048,1,.015138355,.015313691,.98855042,.32337606,.0020386104,.10367028,485,1.9648672,444196.53,34,6724.4048,1,.49423727,.11369153,4.3471775,.00001681285,.28562552,.70487511,485,1.9648672,444196.53,34,219538.48,17,.31286475,.11244258,2.7824402,.0056055458,.14010027,.55994457,485,1.9648672,444196.53,34,138973.44,9,.011709252,.011884579,.98524755,.32499373,.0015725015,.081834301,485,1.9648672,444196.53,34,5201.209,1,.024978044,.18646201,.13395782,.89349151,-.34139505,.39135116,485,1.9648672,444196.53,34,0,0,.72415698,.22138637,3.2710099,.0011468359,.28917766,1.1591364,492,1.9647974,542319.88,41,0,0,.9475801,.24038081,3.9419956,.000092725197,.47526124,1.4198989,484,1.9648775,437472.13,33,0,0,1.0134741,.23550852,4.3033438,.000020368072,.55072868,1.4762194,484,1.9648775,437472.13,33,0,0,.84211767,1.1913606,1.1360313,1.1354538
Female 36 to 47 months,.01789479,.018006649,.99378783,.32081369,.0024279377,.12003534,493,1.9647875,425189.84,32,7608.6826,1,.089213081,.056338836,1.5835096,.11394663,.024468444,.27668515,493,1.9647875,425189.84,32,37932.496,3,.19851984,.078038752,2.5438623,.011267565,.086333886,.39367291,493,1.9647875,425189.84,32,84408.617,7,.092392117,.05606677,1.6478944,.10001148,.026637258,.27466217,493,1.9647875,425189.84,32,39284.188,3,0,0,0,0,0,0,493,1.9647875,425189.84,32,0,0,0,0,0,0,0,0,493,1.9647875,425189.84,32,0,0,0,0,0,0,0,0,493,1.9647875,425189.84,32,0,0,.019168904,.019264393,.99504328,.32020333,.0026035407,.12764475,493,1.9647875,425189.84,32,8150.4233,1,.1111853,.060036767,1.8519535,.064630143,.036532618,.29213279,493,1.9647875,425189.84,32,47274.859,4,.11628356,.066530049,1.7478352,.081115104,.035566088,.3195022,493,1.9647875,425189.84,32,49442.586,3,.049375948,.048111811,1.0262749,.30526528,.0068844669,.28014725,493,1.9647875,425189.84,32,20994.15,1,0,0,0,0,0,0,493,1.9647875,425189.84,32,0,0,0,0,0,0,0,0,493,1.9647875,425189.84,32,0,0,0,0,0,0,0,0,493,1.9647875,425189.84,32,0,0,.019168904,.019264393,.99504328,.32020333,.0026035407,.12764475,493,1.9647875,425189.84,32,8150.4233,1,.17066224,.075147852,2.2710195,.023576213,.06760145,.36871082,493,1.9647875,425189.84,32,72563.852,5,.094322704,.063538179,1.4845043,.13831426,.023583712,.30989942,493,1.9647875,425189.84,32,40105.055,2,0,0,0,0,0,0,493,1.9647875,425189.84,32,0,0,0,0,0,0,0,0,493,1.9647875,425189.84,32,0,0,0,0,0,0,0,0,493,1.9647875,425189.84,32,0,0,.019168904,.019264393,.99504328,.32020333,.0026035407,.12764475,493,1.9647875,425189.84,32,8150.4233,1,.16409723,.073781766,2.2240894,.026594631,.063870922,.36095601,493,1.9647875,425189.84,32,69772.477,5,.094322704,.063538179,1.4845043,.13831426,.023583712,.30989942,493,1.9647875,425189.84,32,40105.055,2,0,0,0,0,0,0,493,1.9647875,425189.84,32,0,0,-.2894392,.16459343,-1.75851,.079281189,-.61283028,.033951927,493,1.9647875,425189.84,32,0,0,.096566215,.17735463,.54448092,.58635676,-.25189796,.44503039,493,1.9647875,425189.84,32,0,0,.40557632,.17123386,2.368552,.018242504,.069138162,.74201447,493,1.9647875,425189.84,32,0,0,.40257001,.16748291,2.4036481,.016600586,.073501669,.73163837,493,1.9647875,425189.84,32,10400.057,1,.90331316,.91942841,.87167281,.85616654
Female 48 to 59 months,0,0,0,0,0,0,492,1.9647974,977279.94,33,0,0,.083546519,.059365071,1.4073346,.15995963,.019483838,.29489619,492,1.9647974,977279.94,33,81648.336,2,.19245625,.082039118,2.3459082,.019376859,.077896513,.40203804,492,1.9647974,977279.94,33,188083.64,6,.13625257,.071426362,1.9075948,.057025541,.045684598,.34201956,492,1.9647974,977279.94,33,133156.89,5,0,0,0,0,0,0,492,1.9647974,977279.94,33,0,0,0,0,0,0,0,0,492,1.9647974,977279.94,33,0,0,0,0,0,0,0,0,492,1.9647974,962753.25,33,0,0,0,0,0,0,0,0,492,1.9647974,962753.25,33,0,0,.10446168,.06278421,1.6638209,.096784994,.030258654,.30365303,492,1.9647974,962753.25,33,100570.81,3,.15834859,.074071638,2.1377761,.033027075,.059380729,.35926273,492,1.9647974,962753.25,33,152450.61,7,.0080178743,.0081387302,.98515058,.32503432,.0010812397,.056920327,492,1.9647974,962753.25,33,7719.2349,1,0,0,0,0,0,0,492,1.9647974,962753.25,33,0,0,0,0,0,0,0,0,491,1.9648073,952991.13,32,0,0,0,0,0,0,0,0,491,1.9648073,952991.13,32,0,0,0,0,0,0,0,0,491,1.9648073,952991.13,32,0,0,.25834972,.094711885,2.7277434,.0066053607,.11652236,.47917596,491,1.9648073,952991.13,32,246205,8,.01898312,.013918342,1.3638924,.17322633,.0044362331,.077516742,491,1.9648073,952991.13,32,18090.746,2,.0081000067,.0082246894,.98484045,.3251875,.0010915106,.057518259,491,1.9648073,952991.13,32,7719.2349,1,0,0,0,0,0,0,491,1.9648073,952991.13,32,0,0,0,0,0,0,0,0,491,1.9648073,952991.13,32,0,0,0,0,0,0,0,0,491,1.9648073,952991.13,32,0,0,.25961196,.094773807,2.7392797,.0063813846,.11745401,.48020822,491,1.9648073,952991.13,32,247407.91,8,.0081000067,.0082246894,.98484045,.3251875,.0010915106,.057518259,491,1.9648073,952991.13,32,7719.2349,1,.0081000067,.0082246894,.98484045,.3251875,.0010915106,.057518259,491,1.9648073,952991.13,32,7719.2349,1,-.21390808,.20043537,-1.0672171,.28639716,-.607723,.17990683,492,1.9647974,977279.94,33,0,0,.18357395,.17201138,1.0672199,.28639597,-.15439354,.52154142,492,1.9647974,962753.25,33,0,0,.46059224,.13694046,3.3634486,.00082993269,.19153062,.72965384,491,1.9648073,952991.13,32,0,0,.46610272,.13060014,3.5689299,.0003936534,.20949863,.72270679,491,1.9648073,952991.13,32,0,0,.96895832,.84631521,.71485889,.68375582
